custom_fields_anonymized,First Name,Last Name,Email,Company Name,Company Type,Job Title,Job Position,Phone,Address,City,State,Postal Code,Country
pass_1_email:kendall.roy@fictional-corp.com - pass_1_first_name:Kendall - pass_1_last_name:Roy - pass_1_company:Waystar Royco - pass_1_company_type:Agency - pass_1_job_title:Strategist - pass_1_position:Manager/Senior Manager - electronic_comm_agree:0 - tos_agreement:true,Kendall,Roy,kendall.roy@fictional-corp.com,Waystar Royco,Agency,Strategist,Manager/Senior Manager,416-555-4763,352 Fake St.,Calgary,AB,M8B 4X4,Canada
pass_1_email:michael.scott@fictional-corp.com - pass_1_first_name:Michael - pass_1_last_name:Scott - pass_1_company:Dunder Mifflin - pass_1_company_type:Tech - pass_1_job_title:VP of Marketing - pass_1_position:C-Suite - electronic_comm_agree:0 - tos_agreement:true,Michael,Scott,michael.scott@fictional-corp.com,Dunder Mifflin,Tech,VP of Marketing,C-Suite,416-555-1884,543 Fake St.,Montreal,QC,M7B 1X1,Canada
pass_1_email:siobhan.roy@fictional-corp.com - pass_1_first_name:Siobhan - pass_1_last_name:Roy - pass_1_company:Waystar Royco - pass_1_company_type:Non-Profit - pass_1_job_title:Director - pass_1_position:C-Suite - electronic_comm_agree:0 - tos_agreement:true,Siobhan,Roy,siobhan.roy@fictional-corp.com,Waystar Royco,Non-Profit,Director,C-Suite,416-555-2671,594 Fake St.,Montreal,QC,M8B 3X8,Canada
pass_1_email:dwight.schrute@fictional-corp.com - pass_1_first_name:Dwight - pass_1_last_name:Schrute - pass_1_company:Schrute Farms - pass_1_company_type:Corporate - pass_1_job_title:VP of Marketing - pass_1_position:Manager/Senior Manager - electronic_comm_agree:0 - tos_agreement:true,Dwight,Schrute,dwight.schrute@fictional-corp.com,Schrute Farms,Corporate,VP of Marketing,Manager/Senior Manager,416-555-9576,684 Fake St.,Vancouver,BC,M4B 5X2,Canada
pass_1_email:logan.roy@fictional-corp.com - pass_1_first_name:Logan - pass_1_last_name:Roy - pass_1_company:Waystar Royco - pass_1_company_type:Agency - pass_1_job_title:Director - pass_1_position:C-Suite - electronic_comm_agree:0 - tos_agreement:true,Logan,Roy,logan.roy@fictional-corp.com,Waystar Royco,Agency,Director,C-Suite,416-555-4776,343 Fake St.,Toronto,ON,M2B 9X3,Canada
pass_1_email:pam.beesly@fictional-corp.com - pass_1_first_name:Pam - pass_1_last_name:Beesly - pass_1_company:Dunder Mifflin - pass_1_company_type:Agency - pass_1_job_title:Strategist - pass_1_position:Entry Level - electronic_comm_agree:0 - tos_agreement:true,Pam,Beesly,pam.beesly@fictional-corp.com,Dunder Mifflin,Agency,Strategist,Entry Level,416-555-4332,741 Fake St.,Vancouver,BC,M9B 3X8,Canada
pass_1_email:jim.halpert@fictional-corp.com - pass_1_first_name:Jim - pass_1_last_name:Halpert - pass_1_company:Athleap - pass_1_company_type:Media - pass_1_job_title:Consultant - pass_1_position:C-Suite - electronic_comm_agree:0 - tos_agreement:true,Jim,Halpert,jim.halpert@fictional-corp.com,Athleap,Media,Consultant,C-Suite,416-555-3104,582 Fake St.,Vancouver,BC,M4B 5X6,Canada
pass_1_email:roman.roy@fictional-corp.com - pass_1_first_name:Roman - pass_1_last_name:Roy - pass_1_company:Waystar Royco - pass_1_company_type:Agency - pass_1_job_title:Director - pass_1_position:Manager/Senior Manager - electronic_comm_agree:0 - tos_agreement:true,Roman,Roy,roman.roy@fictional-corp.com,Waystar Royco,Agency,Director,Manager/Senior Manager,416-555-5867,519 Fake St.,Montreal,QC,M8B 3X8,Canada
pass_1_email:gerri.kellman@fictional-corp.com - pass_1_first_name:Gerri - pass_1_last_name:Kellman - pass_1_company:Waystar Royco - pass_1_company_type:Corporate - pass_1_job_title:Strategist - pass_1_position:Entry Level - electronic_comm_agree:0 - tos_agreement:true,Gerri,Kellman,gerri.kellman@fictional-corp.com,Waystar Royco,Corporate,Strategist,Entry Level,416-555-3592,338 Fake St.,Calgary,AB,M7B 2X4,Canada
pass_1_email:stanley.hudson@fictional-corp.com - pass_1_first_name:Stanley - pass_1_last_name:Hudson - pass_1_company:Crosswords LLC - pass_1_company_type:Agency - pass_1_job_title:Strategist - pass_1_position:Entry Level - electronic_comm_agree:0 - tos_agreement:true,Stanley,Hudson,stanley.hudson@fictional-corp.com,Crosswords LLC,Agency,Strategist,Entry Level,416-555-3724,218 Fake St.,Calgary,AB,M2B 5X4,Canada
pass_1_email:tom.wambsgans@fictional-corp.com - pass_1_first_name:Tom - pass_1_last_name:Wambsgans - pass_1_company:Waystar Royco - pass_1_company_type:Media - pass_1_job_title:Strategist - pass_1_position:C-Suite - electronic_comm_agree:0 - tos_agreement:true,Tom,Wambsgans,tom.wambsgans@fictional-corp.com,Waystar Royco,Media,Strategist,C-Suite,416-555-4747,706 Fake St.,Toronto,ON,M4B 6X4,Canada
pass_1_email:greg.hirsch@fictional-corp.com - pass_1_first_name:Greg - pass_1_last_name:Hirsch - pass_1_company:Waystar Royco - pass_1_company_type:Corporate - pass_1_job_title:Consultant - pass_1_position:C-Suite - electronic_comm_agree:0 - tos_agreement:true,Greg,Hirsch,greg.hirsch@fictional-corp.com,Waystar Royco,Corporate,Consultant,C-Suite,416-555-6647,128 Fake St.,Ottawa,ON,M6B 2X5,Canada
pass_1_email:angela.martin@fictional-corp.com - pass_1_first_name:Angela - pass_1_last_name:Martin - pass_1_company:Dunder Mifflin - pass_1_company_type:Agency - pass_1_job_title:Strategist - pass_1_position:Individual Contributor - electronic_comm_agree:0 - tos_agreement:true,Angela,Martin,angela.martin@fictional-corp.com,Dunder Mifflin,Agency,Strategist,Individual Contributor,416-555-4907,981 Fake St.,Toronto,ON,M8B 5X1,Canada
pass_1_email:kevin.malone@fictional-corp.com - pass_1_first_name:Kevin - pass_1_last_name:Malone - pass_1_company:Malone's Pub - pass_1_company_type:Agency - pass_1_job_title:Consultant - pass_1_position:Individual Contributor - electronic_comm_agree:0 - tos_agreement:true,Kevin,Malone,kevin.malone@fictional-corp.com,Malone's Pub,Agency,Consultant,Individual Contributor,416-555-2911,504 Fake St.,Ottawa,ON,M9B 5X3,Canada
pass_1_email:oscar.martinez@fictional-corp.com - pass_1_first_name:Oscar - pass_1_last_name:Martinez - pass_1_company:Dunder Mifflin - pass_1_company_type:Corporate - pass_1_job_title:Director - pass_1_position:Individual Contributor - electronic_comm_agree:0 - tos_agreement:true,Oscar,Martinez,oscar.martinez@fictional-corp.com,Dunder Mifflin,Corporate,Director,Individual Contributor,416-555-5125,871 Fake St.,Calgary,AB,M8B 5X1,Canada
pass_1_email:creed.bratton@fictional-corp.com - pass_1_first_name:Creed - pass_1_last_name:Bratton - pass_1_company:Quality Assurance - pass_1_company_type:Corporate - pass_1_job_title:Strategist - pass_1_position:Manager/Senior Manager - electronic_comm_agree:0 - tos_agreement:true,Creed,Bratton,creed.bratton@fictional-corp.com,Quality Assurance,Corporate,Strategist,Manager/Senior Manager,416-555-1181,587 Fake St.,Montreal,QC,M7B 9X4,Canada
pass_1_email:jan.levinson@fictional-corp.com - pass_1_first_name:Jan - pass_1_last_name:Levinson - pass_1_company:White Pine - pass_1_company_type:Corporate - pass_1_job_title:Strategist - pass_1_position:C-Suite - electronic_comm_agree:0 - tos_agreement:true,Jan,Levinson,jan.levinson@fictional-corp.com,White Pine,Corporate,Strategist,C-Suite,416-555-7996,712 Fake St.,Toronto,ON,M9B 8X7,Canada
pass_1_email:ryan.howard@fictional-corp.com - pass_1_first_name:Ryan - pass_1_last_name:Howard - pass_1_company:WUPHF.com - pass_1_company_type:Media - pass_1_job_title:VP of Marketing - pass_1_position:Individual Contributor - electronic_comm_agree:0 - tos_agreement:true,Ryan,Howard,ryan.howard@fictional-corp.com,WUPHF,Media,VP of Marketing,Individual Contributor,416-555-1025,628 Fake St.,Calgary,AB,M2B 8X6,Canada
pass_1_email:kelly.kapoor@fictional-corp.com - pass_1_first_name:Kelly - pass_1_last_name:Kapoor - pass_1_company:Dunder Mifflin - pass_1_company_type:Media - pass_1_job_title:VP of Marketing - pass_1_position:Manager/Senior Manager - electronic_comm_agree:0 - tos_agreement:true,Kelly,Kapoor,kelly.kapoor@fictional-corp.com,Dunder Mifflin,Media,VP of Marketing,Manager/Senior Manager,416-555-1682,172 Fake St.,Montreal,QC,M6B 7X3,Canada
